,email,name,profile_score,ratings_score,search_score
255,user7938@verizon.net,Aksana B.,0,3.75,0
102,user9414@gmail.com,Alejandro G.,0,2.5714285714285716,0
20,user6713@gmail.com,Alex F.,0,2.5,0
50,user3337@verizon.net,Alex S.,0,3.6666666666666665,0
39,user1945@yahoo.com,Ali P.,0,2.0,0
203,user3864@yahoo.com,Angie S.,0,2.4,0
230,user8656@yahoo.com,Anna Marie W.,0,2.75,0
57,user2738@t-mobile.com,Anne B.,0,2.0,0
6,user7112@verizon.net,Anne D.,0,2.2,0
81,user6178@hotmail.com,Ashley  K.,0,3.4285714285714284,0
7,user1949@gmail.com,Ashley H.,0,3.3333333333333335,0
91,user6954@verizon.net,BOB M.,0,2.0,0
208,user7540@verizon.net,Ben F.,0,3.3333333333333335,0
89,user7345@verizon.net,Carl P.,0,3.5,0
127,user6094@gmail.com,Caroline J.,0,1.8,0
146,user7287@hotmail.com,Caroline M.,0,2.0,0
11,user2983@verizon.net,Chanece W.,0,3.3333333333333335,0
72,user6379@t-mobile.com,Chasen   T.,0,3.2857142857142856,0
31,user2807@hotmail.com,Chris K.,0,3.8333333333333335,0
134,user1842@hotmail.com,Christa A.,0,3.3333333333333335,0
130,user7861@yahoo.com,Christa Z.,0,2.7777777777777777,0
83,user3489@yahoo.com,Conor H.,0,2.3333333333333335,0
319,user9271@yahoo.com,Cooper P.,0,2.75,0
27,user9612@t-mobile.com,Danielle W.,0,2.3333333333333335,0
13,user2847@verizon.net,Dawn M.,0,3.0,0
126,user5398@verizon.net,Derek K.,0,4.0,0
151,user4051@gmail.com,Dina L.,0,3.25,0
156,user7903@hotmail.com,Faridah D.,0,4.6,0
290,user5707@yahoo.com,Gaurang P.,0,1.5,0
109,user5598@hotmail.com,Gayle P.,0,3.4,0
21,user9973@hotmail.com,Gwen G.,0,3.8,0
68,user5835@yahoo.com,Heather T.,0,2.6666666666666665,0
51,user2683@hotmail.com,Herlina S.,0,2.0,0
56,user3123@t-mobile.com,Hilary S.,0,2.5,0
4,user1233@yahoo.com,Huan H.,0,3.4285714285714284,0
5,user9866@gmail.com,Ilka A.,0,2.7142857142857144,0
210,user7759@hotmail.com,Jennifer W.,0,3.0,0
8,user7736@t-mobile.com,Jenny S.,0,4.0,0
16,user5135@t-mobile.com,Jessica C.,0,3.4285714285714284,0
66,user4980@gmail.com,Jessica E.,0,3.142857142857143,0
28,user4669@t-mobile.com,Jessica L.,0,2.8,0
17,user1943@verizon.net,Joei B.,0,4.0,0
147,user6702@hotmail.com,Jordan  R.,0,3.25,0
52,user5555@gmail.com,Julianna C.,0,2.8,0
25,user8738@gmail.com,Julie W.,0,3.0,0
49,user1932@yahoo.com,Julie X.,0,3.5,0
157,user2311@t-mobile.com,Justin K.,0,3.8333333333333335,0
64,user7812@hotmail.com,Kailyn G.,0,3.3333333333333335,0
232,user6407@t-mobile.com,Kandace L.,0,2.5,0
53,user4691@hotmail.com,Kathryn S.,0,3.0,0
15,user3697@verizon.net,Kathy D.,0,2.5454545454545454,0
158,user1690@verizon.net,Kevin H.,0,3.6666666666666665,0
93,user9921@t-mobile.com,Kimberly K.,0,2.3333333333333335,0
80,user2424@verizon.net,Kristina M.,0,3.25,0
216,user9371@hotmail.com,Kristy B.,0,1.0,0
0,user4739@gmail.com,Lauren B.,0,2.5714285714285716,0
112,user7442@verizon.net,Leah S.,0,3.4,0
1,user7508@t-mobile.com,Leilani R.,0,3.5,0
85,user5322@t-mobile.com,Lindsay H.,0,3.5,0
10,user7177@verizon.net,Lisa D.,0,3.5,0
12,user1211@yahoo.com,Lyndsey B.,0,2.6,0
45,user4917@t-mobile.com,Mackenzie  S.,0,3.0,0
162,user1349@hotmail.com,Magali M.,0,3.2,0
42,user5411@hotmail.com,Mahgul U.,0,3.0,0
78,user2537@hotmail.com,Marita C.,0,3.0,0
187,user5760@yahoo.com,Mary A.,0,2.5,0
320,user3091@yahoo.com,Matthew Ryan H.,0,1.5,0
97,user8248@t-mobile.com,Maureen  B.,0,2.6666666666666665,0
32,user4671@yahoo.com,Meagan M.,0,3.2857142857142856,0
41,user3695@yahoo.com,Megan B.,0,2.0,0
152,user9029@t-mobile.com,Melissa C.,0,4.0,0
167,user6860@verizon.net,Michael E.,0,3.2857142857142856,0
69,user3971@hotmail.com,Michelle B.,0,2.8333333333333335,0
18,user1777@yahoo.com,Nakisa S.,0,3.0,0
326,user2655@verizon.net,Nancy B.,0,3.0,0
75,user9792@hotmail.com,Nancy O.,0,3.25,0
22,user6604@yahoo.com,Nelson M.,0,2.4285714285714284,0
123,user9227@t-mobile.com,Pam L.,0,2.75,0
47,user8635@verizon.net,Paul S.,0,3.0,0
26,user7851@hotmail.com,Rachel  R.,0,4.0,0
77,user9209@hotmail.com,Randal  W.,0,3.0,0
23,user8249@yahoo.com,Reagan N.,0,3.2,0
65,user7080@verizon.net,Ricky E.,0,3.5,0
98,user7650@verizon.net,Robert S.,0,3.5714285714285716,0
44,user3251@yahoo.com,Robin R.,0,4.25,0
166,user5082@t-mobile.com,Samantha O.,0,2.5,0
164,user4846@hotmail.com,Sandy O.,0,3.5,0
37,user1969@hotmail.com,Shaina Z.,0,4.5,0
2,user7582@yahoo.com,Sharon H.,0,2.75,0
35,user7784@hotmail.com,Shellie C.,0,1.8,0
120,user3341@gmail.com,Stephen W.,0,2.75,0
96,user2644@hotmail.com,Sylvia W.,0,3.25,0
3,user7137@yahoo.com,Tasha J.,0,1.6666666666666667,0
46,user1075@gmail.com,Terence A.,0,3.5,0
9,user5363@verizon.net,Tessa L.,0,2.5,0
221,user6074@t-mobile.com,Tony L.,0,3.4,0
223,user4215@hotmail.com,Vanessa B.,0,3.0,0
207,user5253@hotmail.com,Wanda C.,0,1.5,0
29,user9082@t-mobile.com,Wendy J.,0,2.6666666666666665,0
60,user6217@gmail.com,William P.,0,3.2,0
